mission_id,phase,phase_name,title,scope,depends_on,capability_selector,required_master_context,agent_context_budget,deliverables,exit_gate,status
M-001,0,Architecture Constitution,Ratify master contracts,"Freeze authority, resources, invariants, clean-room, approved stack and mission system.",,ALL,MASTER_OF_MASTERS + relevant master(s) + exact contracts + harvest entries + acceptance gates,small: target <= 12k tokens unless mission explicitly requires more,code/tests/evidence + ledger update + ADR only if architecture decision changed,all mission acceptance tests pass; no invariant violation; CI green,DONE
M-002,0,Architecture Constitution,Ratify dependency/harvest registry,Architecture Constitution: Ratify dependency/harvest registry.,M-001,ALL,MASTER_OF_MASTERS + relevant master(s) + exact contracts + harvest entries + acceptance gates,small: target <= 12k tokens unless mission explicitly requires more,code/tests/evidence + ledger update + ADR only if architecture decision changed,all mission acceptance tests pass; no invariant violation; CI green,DONE
M-003,0,Architecture Constitution,Ratify threat model and trust boundaries,Architecture Constitution: Ratify threat model and trust boundaries.,M-002,ALL,MASTER_OF_MASTERS + relevant master(s) + exact contracts + harvest entries + acceptance gates,small: target <= 12k tokens unless mission explicitly requires more,code/tests/evidence + ledger update + ADR only if architecture decision changed,all mission acceptance tests pass; no invariant violation; CI green,DONE
M-004,1,Repository Foundation,Initialize monorepo and toolchain,"Monorepo, toolchain, CI, dependency policy, schema generation, local dev.",M-003,"REL,ENV",MASTER_OF_MASTERS + relevant master(s) + exact contracts + harvest entries + acceptance gates,small: target <= 12k tokens unless mission explicitly requires more,code/tests/evidence + ledger update + ADR only if architecture decision changed,all mission acceptance tests pass; no invariant violation; CI green,DONE
M-005,1,Repository Foundation,Establish schema/codegen pipeline,Repository Foundation: Establish schema/codegen pipeline.,M-004,"REL,ENV",MASTER_OF_MASTERS + relevant master(s) + exact contracts + harvest entries + acceptance gates,small: target <= 12k tokens unless mission explicitly requires more,code/tests/evidence + ledger update + ADR only if architecture decision changed,all mission acceptance tests pass; no invariant violation; CI green,DONE
M-006,1,Repository Foundation,Establish CI/security/dependency gates,Repository Foundation: Establish CI/security/dependency gates.,M-005,"REL,ENV",MASTER_OF_MASTERS + relevant master(s) + exact contracts + harvest entries + acceptance gates,small: target <= 12k tokens unless mission explicitly requires more,code/tests/evidence + ledger update + ADR only if architecture decision changed,all mission acceptance tests pass; no invariant violation; CI green,DONE
M-007,1,Repository Foundation,Establish local dev environment,Repository Foundation: Establish local dev environment.,M-006,"REL,ENV",MASTER_OF_MASTERS + relevant master(s) + exact contracts + harvest entries + acceptance gates,small: target <= 12k tokens unless mission explicitly requires more,code/tests/evidence + ledger update + ADR only if architecture decision changed,all mission acceptance tests pass; no invariant violation; CI green,DONE
M-008,2,Identity & Tenant Authority,Implement Account/Organization persistence,"Account, Organization, sessions, tenant authorization, audit baseline.",M-007,IAM,MASTER_OF_MASTERS + relevant master(s) + exact contracts + harvest entries + acceptance gates,small: target <= 12k tokens unless mission explicitly requires more,code/tests/evidence + ledger update + ADR only if architecture decision changed,all mission acceptance tests pass; no invariant violation; CI green,DONE
M-009,2,Identity & Tenant Authority,Implement authentication/session flows,Identity & Tenant Authority: Implement authentication/session flows.,M-008,IAM,MASTER_OF_MASTERS + relevant master(s) + exact contracts + harvest entries + acceptance gates,small: target <= 12k tokens unless mission explicitly requires more,code/tests/evidence + ledger update + ADR only if architecture decision changed,all mission acceptance tests pass; no invariant violation; CI green,DONE
M-010,2,Identity & Tenant Authority,Implement tenant/resource authorization,Identity & Tenant Authority: Implement tenant/resource authorization.,M-009,IAM,MASTER_OF_MASTERS + relevant master(s) + exact contracts + harvest entries + acceptance gates,small: target <= 12k tokens unless mission explicitly requires more,code/tests/evidence + ledger update + ADR only if architecture decision changed,all mission acceptance tests pass; no invariant violation; CI green,DONE
M-011,2,Identity & Tenant Authority,Implement audit baseline,Identity & Tenant Authority: Implement audit baseline.,M-010,IAM,MASTER_OF_MASTERS + relevant master(s) + exact contracts + harvest entries + acceptance gates,small: target <= 12k tokens unless mission explicitly requires more,code/tests/evidence + ledger update + ADR only if architecture decision changed,all mission acceptance tests pass; no invariant violation; CI green,DONE
M-012,3,Project Authority,Implement Project authority,"Project, Artifact, imports, lifecycle and canonical graph.",M-010,PRJ,MASTER_OF_MASTERS + relevant master(s) + exact contracts + harvest entries + acceptance gates,small: target <= 12k tokens unless mission explicitly requires more,code/tests/evidence + ledger update + ADR only if architecture decision changed,all mission acceptance tests pass; no invariant violation; CI green,DONE
M-013,3,Project Authority,Implement Artifact/ArtifactRelation,Project Authority: Implement Artifact/ArtifactRelation.,M-012,PRJ,MASTER_OF_MASTERS + relevant master(s) + exact contracts + harvest entries + acceptance gates,small: target <= 12k tokens unless mission explicitly requires more,code/tests/evidence + ledger update + ADR only if architecture decision changed,all mission acceptance tests pass; no invariant violation; CI green,DONE
M-014,3,Project Authority,Implement imports/templates lifecycle,"Establish the authoritative Project import/template lifecycle on top of accepted Project and Artifact authority. Preserve canonical Organization/Project ownership, tenant authorization, durable audit and provider-neutral trust boundaries. Provider-specific repository/design/deployment import adapters remain later capabilities and must not become Project authority.",M-013,PRJ,MASTER_OF_MASTERS + relevant master(s) + exact contracts + harvest entries + acceptance gates,small: target <= 12k tokens unless mission explicitly requires more,code/tests/evidence + ledger update + ADR only if architecture decision changed,all mission acceptance tests pass; no invariant violation; CI green,DONE
M-015,3,Project Authority,Implement project lifecycle E2E,Project Authority: Implement project lifecycle E2E.,M-014,PRJ,MASTER_OF_MASTERS + relevant master(s) + exact contracts + harvest entries + acceptance gates,small: target <= 12k tokens unless mission explicitly requires more,code/tests/evidence + ledger update + ADR only if architecture decision changed,all mission acceptance tests pass; no invariant violation; CI green,DONE
M-016,4,Provider Bindings,Implement binding resource family,Agent/Model/Workspace/Repo/Data/Storage/Deployment bindings and capability discovery.,M-012,"AGT,WKS,GIT,DAT,DEP",MASTER_OF_MASTERS + relevant master(s) + exact contracts + harvest entries + acceptance gates,small: target <= 12k tokens unless mission explicitly requires more,code/tests/evidence + ledger update + ADR only if architecture decision changed,all mission acceptance tests pass; no invariant violation; CI green,READY
M-017,4,Provider Bindings,Implement provider capability discovery,Provider Bindings: Implement provider capability discovery.,M-016,"AGT,WKS,GIT,DAT,DEP",MASTER_OF_MASTERS + relevant master(s) + exact contracts + harvest entries + acceptance gates,small: target <= 12k tokens unless mission explicitly requires more,code/tests/evidence + ledger update + ADR only if architecture decision changed,all mission acceptance tests pass; no invariant violation; CI green,LOCKED
M-018,4,Provider Bindings,Implement provider registry and health,Provider Bindings: Implement provider registry and health.,M-017,"AGT,WKS,GIT,DAT,DEP",MASTER_OF_MASTERS + relevant master(s) + exact contracts + harvest entries + acceptance gates,small: target <= 12k tokens unless mission explicitly requires more,code/tests/evidence + ledger update + ADR only if architecture decision changed,all mission acceptance tests pass; no invariant violation; CI green,LOCKED
M-019,4,Provider Bindings,Implement binding certification fixtures,Provider Bindings: Implement binding certification fixtures.,M-018,"AGT,WKS,GIT,DAT,DEP",MASTER_OF_MASTERS + relevant master(s) + exact contracts + harvest entries + acceptance gates,small: target <= 12k tokens unless mission explicitly requires more,code/tests/evidence + ledger update + ADR only if architecture decision changed,all mission acceptance tests pass; no invariant violation; CI green,LOCKED
M-020,5,Connections & Grants,Implement Connection and SecretRef broker,"Connections, SecretRef, grants, scopes, OAuth broker and approvals foundation.",M-016,"CON,POL",MASTER_OF_MASTERS + relevant master(s) + exact contracts + harvest entries + acceptance gates,small: target <= 12k tokens unless mission explicitly requires more,code/tests/evidence + ledger update + ADR only if architecture decision changed,all mission acceptance tests pass; no invariant violation; CI green,LOCKED
M-021,5,Connections & Grants,Implement ConnectionGrant scopes,Connections & Grants: Implement ConnectionGrant scopes.,M-020,"CON,POL",MASTER_OF_MASTERS + relevant master(s) + exact contracts + harvest entries + acceptance gates,small: target <= 12k tokens unless mission explicitly requires more,code/tests/evidence + ledger update + ADR only if architecture decision changed,all mission acceptance tests pass; no invariant violation; CI green,LOCKED
M-022,5,Connections & Grants,Implement approval foundation,Connections & Grants: Implement approval foundation.,M-021,"CON,POL",MASTER_OF_MASTERS + relevant master(s) + exact contracts + harvest entries + acceptance gates,small: target <= 12k tokens unless mission explicitly requires more,code/tests/evidence + ledger update + ADR only if architecture decision changed,all mission acceptance tests pass; no invariant violation; CI green,LOCKED
M-023,5,Connections & Grants,Implement OAuth/token lifecycle,Connections & Grants: Implement OAuth/token lifecycle.,M-022,"CON,POL",MASTER_OF_MASTERS + relevant master(s) + exact contracts + harvest entries + acceptance gates,small: target <= 12k tokens unless mission explicitly requires more,code/tests/evidence + ledger update + ADR only if architecture decision changed,all mission acceptance tests pass; no invariant violation; CI green,LOCKED
M-024,6,Durable Task & Execution,Implement Task/Execution schemas,"Task/Execution/Attempt state, Temporal workflows, idempotent commands, durable events.",M-021,"AGT,TRU",MASTER_OF_MASTERS + relevant master(s) + exact contracts + harvest entries + acceptance gates,small: target <= 12k tokens unless mission explicitly requires more,code/tests/evidence + ledger update + ADR only if architecture decision changed,all mission acceptance tests pass; no invariant violation; CI green,LOCKED
M-025,6,Durable Task & Execution,Integrate Temporal workflow engine,Durable Task & Execution: Integrate Temporal workflow engine.,M-024,"AGT,TRU",MASTER_OF_MASTERS + relevant master(s) + exact contracts + harvest entries + acceptance gates,small: target <= 12k tokens unless mission explicitly requires more,code/tests/evidence + ledger update + ADR only if architecture decision changed,all mission acceptance tests pass; no invariant violation; CI green,LOCKED
M-026,6,Durable Task & Execution,Implement durable event/outbox/replay,Durable Task & Execution: Implement durable event/outbox/replay.,M-025,"AGT,TRU",MASTER_OF_MASTERS + relevant master(s) + exact contracts + harvest entries + acceptance gates,small: target <= 12k tokens unless mission explicitly requires more,code/tests/evidence + ledger update + ADR only if architecture decision changed,all mission acceptance tests pass; no invariant violation; CI green,LOCKED
M-027,6,Durable Task & Execution,Implement idempotent command layer,Durable Task & Execution: Implement idempotent command layer.,M-026,"AGT,TRU",MASTER_OF_MASTERS + relevant master(s) + exact contracts + harvest entries + acceptance gates,small: target <= 12k tokens unless mission explicitly requires more,code/tests/evidence + ledger update + ADR only if architecture decision changed,all mission acceptance tests pass; no invariant violation; CI green,LOCKED
M-028,6,Durable Task & Execution,Implement execution lifecycle E2E,Durable Task & Execution: Implement execution lifecycle E2E.,M-027,"AGT,TRU",MASTER_OF_MASTERS + relevant master(s) + exact contracts + harvest entries + acceptance gates,small: target <= 12k tokens unless mission explicitly requires more,code/tests/evidence + ledger update + ADR only if architecture decision changed,all mission acceptance tests pass; no invariant violation; CI green,LOCKED
M-029,7,Remote Layer,Implement remote gateway,"Gateway, sequence/replay/resync, session grants, reconnect semantics.",M-028,"BRG,AGT",MASTER_OF_MASTERS + relevant master(s) + exact contracts + harvest entries + acceptance gates,small: target <= 12k tokens unless mission explicitly requires more,code/tests/evidence + ledger update + ADR only if architecture decision changed,all mission acceptance tests pass; no invariant violation; CI green,LOCKED
M-030,7,Remote Layer,Implement sequence/cursor/replay protocol,Remote Layer: Implement sequence/cursor/replay protocol.,M-029,"BRG,AGT",MASTER_OF_MASTERS + relevant master(s) + exact contracts + harvest entries + acceptance gates,small: target <= 12k tokens unless mission explicitly requires more,code/tests/evidence + ledger update + ADR only if architecture decision changed,all mission acceptance tests pass; no invariant violation; CI green,LOCKED
M-031,7,Remote Layer,Implement resync/reconciliation handshake,Remote Layer: Implement resync/reconciliation handshake.,M-030,"BRG,AGT",MASTER_OF_MASTERS + relevant master(s) + exact contracts + harvest entries + acceptance gates,small: target <= 12k tokens unless mission explicitly requires more,code/tests/evidence + ledger update + ADR only if architecture decision changed,all mission acceptance tests pass; no invariant violation; CI green,LOCKED
M-032,7,Remote Layer,Implement disconnect/reconnect test harness,Remote Layer: Implement disconnect/reconnect test harness.,M-031,"BRG,AGT",MASTER_OF_MASTERS + relevant master(s) + exact contracts + harvest entries + acceptance gates,small: target <= 12k tokens unless mission explicitly requires more,code/tests/evidence + ledger update + ADR only if architecture decision changed,all mission acceptance tests pass; no invariant violation; CI green,LOCKED
M-033,8,Mobile Shell,Bootstrap Expo mobile app,"Expo app, auth, projects, task/action center, notifications, secure storage.",M-028,"MOB,EXP,UX",MASTER_OF_MASTERS + relevant master(s) + exact contracts + harvest entries + acceptance gates,small: target <= 12k tokens unless mission explicitly requires more,code/tests/evidence + ledger update + ADR only if architecture decision changed,all mission acceptance tests pass; no invariant violation; CI green,LOCKED
M-034,8,Mobile Shell,Implement auth/projects navigation,Mobile Shell: Implement auth/projects navigation.,M-033,"MOB,EXP,UX",MASTER_OF_MASTERS + relevant master(s) + exact contracts + harvest entries + acceptance gates,small: target <= 12k tokens unless mission explicitly requires more,code/tests/evidence + ledger update + ADR only if architecture decision changed,all mission acceptance tests pass; no invariant violation; CI green,LOCKED
M-035,8,Mobile Shell,Implement Task/Execution action center,Mobile Shell: Implement Task/Execution action center.,M-034,"MOB,EXP,UX",MASTER_OF_MASTERS + relevant master(s) + exact contracts + harvest entries + acceptance gates,small: target <= 12k tokens unless mission explicitly requires more,code/tests/evidence + ledger update + ADR only if architecture decision changed,all mission acceptance tests pass; no invariant violation; CI green,LOCKED
M-036,8,Mobile Shell,Implement secure notification flows,Mobile Shell: Implement secure notification flows.,M-035,"MOB,EXP,UX",MASTER_OF_MASTERS + relevant master(s) + exact contracts + harvest entries + acceptance gates,small: target <= 12k tokens unless mission explicitly requires more,code/tests/evidence + ledger update + ADR only if architecture decision changed,all mission acceptance tests pass; no invariant violation; CI green,LOCKED
M-037,8,Mobile Shell,Implement mobile offline/degraded UX,Mobile Shell: Implement mobile offline/degraded UX.,M-036,"MOB,EXP,UX",MASTER_OF_MASTERS + relevant master(s) + exact contracts + harvest entries + acceptance gates,small: target <= 12k tokens unless mission explicitly requires more,code/tests/evidence + ledger update + ADR only if architecture decision changed,all mission acceptance tests pass; no invariant violation; CI green,LOCKED
M-038,9,Agent Integration,Implement ACP gateway/profile,"ACP profile, OpenHands adapter, capability negotiation, Plan/Build modes.",M-035,"AGT,AI",MASTER_OF_MASTERS + relevant master(s) + exact contracts + harvest entries + acceptance gates,small: target <= 12k tokens unless mission explicitly requires more,code/tests/evidence + ledger update + ADR only if architecture decision changed,all mission acceptance tests pass; no invariant violation; CI green,LOCKED
M-039,9,Agent Integration,Implement OpenHands adapter,Agent Integration: Implement OpenHands adapter.,M-038,"AGT,AI",MASTER_OF_MASTERS + relevant master(s) + exact contracts + harvest entries + acceptance gates,small: target <= 12k tokens unless mission explicitly requires more,code/tests/evidence + ledger update + ADR only if architecture decision changed,all mission acceptance tests pass; no invariant violation; CI green,LOCKED
M-040,9,Agent Integration,Implement Plan vs Build policy,Agent Integration: Implement Plan vs Build policy.,M-039,"AGT,AI",MASTER_OF_MASTERS + relevant master(s) + exact contracts + harvest entries + acceptance gates,small: target <= 12k tokens unless mission explicitly requires more,code/tests/evidence + ledger update + ADR only if architecture decision changed,all mission acceptance tests pass; no invariant violation; CI green,LOCKED
M-041,9,Agent Integration,Implement agent capability negotiation,Agent Integration: Implement agent capability negotiation.,M-040,"AGT,AI",MASTER_OF_MASTERS + relevant master(s) + exact contracts + harvest entries + acceptance gates,small: target <= 12k tokens unless mission explicitly requires more,code/tests/evidence + ledger update + ADR only if architecture decision changed,all mission acceptance tests pass; no invariant violation; CI green,LOCKED
M-042,9,Agent Integration,Implement BYOA certification tests,Agent Integration: Implement BYOA certification tests.,M-041,"AGT,AI",MASTER_OF_MASTERS + relevant master(s) + exact contracts + harvest entries + acceptance gates,small: target <= 12k tokens unless mission explicitly requires more,code/tests/evidence + ledger update + ADR only if architecture decision changed,all mission acceptance tests pass; no invariant violation; CI green,LOCKED
M-043,10,Model Integration,Implement ModelBinding/BYOK,"ModelBinding, BYOK broker, Vercel AI SDK/direct provider adapters, usage attribution.",M-039,"AGT,BIL",MASTER_OF_MASTERS + relevant master(s) + exact contracts + harvest entries + acceptance gates,small: target <= 12k tokens unless mission explicitly requires more,code/tests/evidence + ledger update + ADR only if architecture decision changed,all mission acceptance tests pass; no invariant violation; CI green,LOCKED
M-044,10,Model Integration,Implement model provider adapter layer,Model Integration: Implement model provider adapter layer.,M-043,"AGT,BIL",MASTER_OF_MASTERS + relevant master(s) + exact contracts + harvest entries + acceptance gates,small: target <= 12k tokens unless mission explicitly requires more,code/tests/evidence + ledger update + ADR only if architecture decision changed,all mission acceptance tests pass; no invariant violation; CI green,LOCKED
M-045,10,Model Integration,Implement usage/cost attribution,Model Integration: Implement usage/cost attribution.,M-044,"AGT,BIL",MASTER_OF_MASTERS + relevant master(s) + exact contracts + harvest entries + acceptance gates,small: target <= 12k tokens unless mission explicitly requires more,code/tests/evidence + ledger update + ADR only if architecture decision changed,all mission acceptance tests pass; no invariant violation; CI green,LOCKED
M-046,10,Model Integration,Implement key redaction/security tests,Model Integration: Implement key redaction/security tests.,M-044,"AGT,BIL",MASTER_OF_MASTERS + relevant master(s) + exact contracts + harvest entries + acceptance gates,small: target <= 12k tokens unless mission explicitly requires more,code/tests/evidence + ledger update + ADR only if architecture decision changed,all mission acceptance tests pass; no invariant violation; CI green,LOCKED
M-047,11,Workspace Integration,Implement WorkspaceProvider contract,"WorkspaceProvider interface, Daytona/E2B/BYOW, lifecycle and capability certification.",M-046,"WKS,PORT",MASTER_OF_MASTERS + relevant master(s) + exact contracts + harvest entries + acceptance gates,small: target <= 12k tokens unless mission explicitly requires more,code/tests/evidence + ledger update + ADR only if architecture decision changed,all mission acceptance tests pass; no invariant violation; CI green,LOCKED
M-048,11,Workspace Integration,Implement Daytona adapter,Workspace Integration: Implement Daytona adapter.,M-047,"WKS,PORT",MASTER_OF_MASTERS + relevant master(s) + exact contracts + harvest entries + acceptance gates,small: target <= 12k tokens unless mission explicitly requires more,code/tests/evidence + ledger update + ADR only if architecture decision changed,all mission acceptance tests pass; no invariant violation; CI green,LOCKED
M-049,11,Workspace Integration,Implement E2B adapter,Workspace Integration: Implement E2B adapter.,M-048,"WKS,PORT",MASTER_OF_MASTERS + relevant master(s) + exact contracts + harvest entries + acceptance gates,small: target <= 12k tokens unless mission explicitly requires more,code/tests/evidence + ledger update + ADR only if architecture decision changed,all mission acceptance tests pass; no invariant violation; CI green,LOCKED
M-050,11,Workspace Integration,Implement generic BYOW adapter,Workspace Integration: Implement generic BYOW adapter.,M-049,"WKS,PORT",MASTER_OF_MASTERS + relevant master(s) + exact contracts + harvest entries + acceptance gates,small: target <= 12k tokens unless mission explicitly requires more,code/tests/evidence + ledger update + ADR only if architecture decision changed,all mission acceptance tests pass; no invariant violation; CI green,LOCKED
M-051,11,Workspace Integration,Implement workspace certification suite,Workspace Integration: Implement workspace certification suite.,M-050,"WKS,PORT",MASTER_OF_MASTERS + relevant master(s) + exact contracts + harvest entries + acceptance gates,small: target <= 12k tokens unless mission explicitly requires more,code/tests/evidence + ledger update + ADR only if architecture decision changed,all mission acceptance tests pass; no invariant violation; CI green,LOCKED
M-052,12,Workspace Web IDE,Implement file tree/editor,"Files, Monaco, terminal, preview, logs, command palette, responsive mobile workspace.",M-048,"WKS,EXP",MASTER_OF_MASTERS + relevant master(s) + exact contracts + harvest entries + acceptance gates,small: target <= 12k tokens unless mission explicitly requires more,code/tests/evidence + ledger update + ADR only if architecture decision changed,all mission acceptance tests pass; no invariant violation; CI green,LOCKED
M-053,12,Workspace Web IDE,Implement terminal session UI,Workspace Web IDE: Implement terminal session UI.,M-052,"WKS,EXP",MASTER_OF_MASTERS + relevant master(s) + exact contracts + harvest entries + acceptance gates,small: target <= 12k tokens unless mission explicitly requires more,code/tests/evidence + ledger update + ADR only if architecture decision changed,all mission acceptance tests pass; no invariant violation; CI green,LOCKED
M-054,12,Workspace Web IDE,Implement preview/log surfaces,Workspace Web IDE: Implement preview/log surfaces.,M-053,"WKS,EXP",MASTER_OF_MASTERS + relevant master(s) + exact contracts + harvest entries + acceptance gates,small: target <= 12k tokens unless mission explicitly requires more,code/tests/evidence + ledger update + ADR only if architecture decision changed,all mission acceptance tests pass; no invariant violation; CI green,LOCKED
M-055,12,Workspace Web IDE,Implement workspace command/state UX,Workspace Web IDE: Implement workspace command/state UX.,M-054,"WKS,EXP",MASTER_OF_MASTERS + relevant master(s) + exact contracts + harvest entries + acceptance gates,small: target <= 12k tokens unless mission explicitly requires more,code/tests/evidence + ledger update + ADR only if architecture decision changed,all mission acceptance tests pass; no invariant violation; CI green,LOCKED
M-056,12,Workspace Web IDE,Implement IDE E2E,Workspace Web IDE: Implement IDE E2E.,M-055,"WKS,EXP",MASTER_OF_MASTERS + relevant master(s) + exact contracts + harvest entries + acceptance gates,small: target <= 12k tokens unless mission explicitly requires more,code/tests/evidence + ledger update + ADR only if architecture decision changed,all mission acceptance tests pass; no invariant violation; CI green,LOCKED
M-057,13,Secure Native-Web Bridge,Implement bridge v1 contracts,"Versioned bridge, origin/project binding, ACKs, keyboard/device state, OAuth/permission mediation.",M-056,"BRG,MOB",MASTER_OF_MASTERS + relevant master(s) + exact contracts + harvest entries + acceptance gates,small: target <= 12k tokens unless mission explicitly requires more,code/tests/evidence + ledger update + ADR only if architecture decision changed,all mission acceptance tests pass; no invariant violation; CI green,LOCKED
M-058,13,Secure Native-Web Bridge,Implement secure origin/project/session binding,Secure Native-Web Bridge: Implement secure origin/project/session binding.,M-057,"BRG,MOB",MASTER_OF_MASTERS + relevant master(s) + exact contracts + harvest entries + acceptance gates,small: target <= 12k tokens unless mission explicitly requires more,code/tests/evidence + ledger update + ADR only if architecture decision changed,all mission acceptance tests pass; no invariant violation; CI green,LOCKED
M-059,13,Secure Native-Web Bridge,Implement keyboard/device/native actions,Secure Native-Web Bridge: Implement keyboard/device/native actions.,M-058,"BRG,MOB",MASTER_OF_MASTERS + relevant master(s) + exact contracts + harvest entries + acceptance gates,small: target <= 12k tokens unless mission explicitly requires more,code/tests/evidence + ledger update + ADR only if architecture decision changed,all mission acceptance tests pass; no invariant violation; CI green,LOCKED
M-060,13,Secure Native-Web Bridge,Implement bridge ACK/error/perf semantics,Secure Native-Web Bridge: Implement bridge ACK/error/perf semantics.,M-059,"BRG,MOB",MASTER_OF_MASTERS + relevant master(s) + exact contracts + harvest entries + acceptance gates,small: target <= 12k tokens unless mission explicitly requires more,code/tests/evidence + ledger update + ADR only if architecture decision changed,all mission acceptance tests pass; no invariant violation; CI green,LOCKED
M-061,13,Secure Native-Web Bridge,Fuzz and conformance test bridge,Secure Native-Web Bridge: Fuzz and conformance test bridge.,M-060,"BRG,MOB",MASTER_OF_MASTERS + relevant master(s) + exact contracts + harvest entries + acceptance gates,small: target <= 12k tokens unless mission explicitly requires more,code/tests/evidence + ledger update + ADR only if architecture decision changed,all mission acceptance tests pass; no invariant violation; CI green,LOCKED
M-062,14,Repository & Git,Implement RepositoryProvider contract,"RepositoryBinding, Git status/diff/history/commit/push/import and reconciliation.",M-061,GIT,MASTER_OF_MASTERS + relevant master(s) + exact contracts + harvest entries + acceptance gates,small: target <= 12k tokens unless mission explicitly requires more,code/tests/evidence + ledger update + ADR only if architecture decision changed,all mission acceptance tests pass; no invariant violation; CI green,LOCKED
M-063,14,Repository & Git,Implement GitHub adapter,Repository & Git: Implement GitHub adapter.,M-062,GIT,MASTER_OF_MASTERS + relevant master(s) + exact contracts + harvest entries + acceptance gates,small: target <= 12k tokens unless mission explicitly requires more,code/tests/evidence + ledger update + ADR only if architecture decision changed,all mission acceptance tests pass; no invariant violation; CI green,LOCKED
M-064,14,Repository & Git,Implement status/diff/history UI,Repository & Git: Implement status/diff/history UI.,M-063,GIT,MASTER_OF_MASTERS + relevant master(s) + exact contracts + harvest entries + acceptance gates,small: target <= 12k tokens unless mission explicitly requires more,code/tests/evidence + ledger update + ADR only if architecture decision changed,all mission acceptance tests pass; no invariant violation; CI green,LOCKED
M-065,14,Repository & Git,Implement commit/push/import flows,Repository & Git: Implement commit/push/import flows.,M-064,GIT,MASTER_OF_MASTERS + relevant master(s) + exact contracts + harvest entries + acceptance gates,small: target <= 12k tokens unless mission explicitly requires more,code/tests/evidence + ledger update + ADR only if architecture decision changed,all mission acceptance tests pass; no invariant violation; CI green,LOCKED
M-066,14,Repository & Git,Implement repo/workspace reconciliation,Repository & Git: Implement repo/workspace reconciliation.,M-065,GIT,MASTER_OF_MASTERS + relevant master(s) + exact contracts + harvest entries + acceptance gates,small: target <= 12k tokens unless mission explicitly requires more,code/tests/evidence + ledger update + ADR only if architecture decision changed,all mission acceptance tests pass; no invariant violation; CI green,LOCKED
M-067,15,Checkpoints,Implement CheckpointManifest,CheckpointManifest DAG across repo/workspace/context/data references and recovery timeline.,M-066,"GIT,TRU",MASTER_OF_MASTERS + relevant master(s) + exact contracts + harvest entries + acceptance gates,small: target <= 12k tokens unless mission explicitly requires more,code/tests/evidence + ledger update + ADR only if architecture decision changed,all mission acceptance tests pass; no invariant violation; CI green,LOCKED
M-068,15,Checkpoints,Implement checkpoint capture pipeline,Checkpoints: Implement checkpoint capture pipeline.,M-067,"GIT,TRU",MASTER_OF_MASTERS + relevant master(s) + exact contracts + harvest entries + acceptance gates,small: target <= 12k tokens unless mission explicitly requires more,code/tests/evidence + ledger update + ADR only if architecture decision changed,all mission acceptance tests pass; no invariant violation; CI green,LOCKED
M-069,15,Checkpoints,Implement recovery timeline UX,Checkpoints: Implement recovery timeline UX.,M-068,"GIT,TRU",MASTER_OF_MASTERS + relevant master(s) + exact contracts + harvest entries + acceptance gates,small: target <= 12k tokens unless mission explicitly requires more,code/tests/evidence + ledger update + ADR only if architecture decision changed,all mission acceptance tests pass; no invariant violation; CI green,LOCKED
M-070,15,Checkpoints,Implement checkpoint restore planning,Checkpoints: Implement checkpoint restore planning.,M-069,"GIT,TRU",MASTER_OF_MASTERS + relevant master(s) + exact contracts + harvest entries + acceptance gates,small: target <= 12k tokens unless mission explicitly requires more,code/tests/evidence + ledger update + ADR only if architecture decision changed,all mission acceptance tests pass; no invariant violation; CI green,LOCKED
M-071,15,Checkpoints,Checkpoint consistency tests,Checkpoints: Checkpoint consistency tests.,M-070,"GIT,TRU",MASTER_OF_MASTERS + relevant master(s) + exact contracts + harvest entries + acceptance gates,small: target <= 12k tokens unless mission explicitly requires more,code/tests/evidence + ledger update + ADR only if architecture decision changed,all mission acceptance tests pass; no invariant violation; CI green,LOCKED
M-072,16,Verification & Evidence,Implement Evidence store,"Evidence store, build/test/security checks, candidate capture, independent completion verification.",M-054,"VER,TRU",MASTER_OF_MASTERS + relevant master(s) + exact contracts + harvest entries + acceptance gates,small: target <= 12k tokens unless mission explicitly requires more,code/tests/evidence + ledger update + ADR only if architecture decision changed,all mission acceptance tests pass; no invariant violation; CI green,LOCKED
M-073,16,Verification & Evidence,Implement Verification engine,Verification & Evidence: Implement Verification engine.,M-072,"VER,TRU",MASTER_OF_MASTERS + relevant master(s) + exact contracts + harvest entries + acceptance gates,small: target <= 12k tokens unless mission explicitly requires more,code/tests/evidence + ledger update + ADR only if architecture decision changed,all mission acceptance tests pass; no invariant violation; CI green,LOCKED
M-074,16,Verification & Evidence,Implement build/test/security check adapters,Verification & Evidence: Implement build/test/security check adapters.,M-073,"VER,TRU",MASTER_OF_MASTERS + relevant master(s) + exact contracts + harvest entries + acceptance gates,small: target <= 12k tokens unless mission explicitly requires more,code/tests/evidence + ledger update + ADR only if architecture decision changed,all mission acceptance tests pass; no invariant violation; CI green,LOCKED
M-075,16,Verification & Evidence,Implement verification UX,Verification & Evidence: Implement verification UX.,M-074,"VER,TRU",MASTER_OF_MASTERS + relevant master(s) + exact contracts + harvest entries + acceptance gates,small: target <= 12k tokens unless mission explicitly requires more,code/tests/evidence + ledger update + ADR only if architecture decision changed,all mission acceptance tests pass; no invariant violation; CI green,LOCKED
M-076,16,Verification & Evidence,Independent completion E2E,Verification & Evidence: Independent completion E2E.,M-075,"VER,TRU",MASTER_OF_MASTERS + relevant master(s) + exact contracts + harvest entries + acceptance gates,small: target <= 12k tokens unless mission explicitly requires more,code/tests/evidence + ledger update + ADR only if architecture decision changed,all mission acceptance tests pass; no invariant violation; CI green,LOCKED
M-077,17,Recovery,Implement RecoveryRecord workflow,Crash/reconnect/provider/workspace recovery state machine and honest lost classification.,M-076,"GIT,TRU,AGT",MASTER_OF_MASTERS + relevant master(s) + exact contracts + harvest entries + acceptance gates,small: target <= 12k tokens unless mission explicitly requires more,code/tests/evidence + ledger update + ADR only if architecture decision changed,all mission acceptance tests pass; no invariant violation; CI green,LOCKED
M-078,17,Recovery,Implement provider/workspace reattachment,Recovery: Implement provider/workspace reattachment.,M-077,"GIT,TRU,AGT",MASTER_OF_MASTERS + relevant master(s) + exact contracts + harvest entries + acceptance gates,small: target <= 12k tokens unless mission explicitly requires more,code/tests/evidence + ledger update + ADR only if architecture decision changed,all mission acceptance tests pass; no invariant violation; CI green,LOCKED
M-079,17,Recovery,Implement revision reconciliation,Recovery: Implement revision reconciliation.,M-078,"GIT,TRU,AGT",MASTER_OF_MASTERS + relevant master(s) + exact contracts + harvest entries + acceptance gates,small: target <= 12k tokens unless mission explicitly requires more,code/tests/evidence + ledger update + ADR only if architecture decision changed,all mission acceptance tests pass; no invariant violation; CI green,LOCKED
M-080,17,Recovery,Implement reverify-after-recovery,Recovery: Implement reverify-after-recovery.,M-079,"GIT,TRU,AGT",MASTER_OF_MASTERS + relevant master(s) + exact contracts + harvest entries + acceptance gates,small: target <= 12k tokens unless mission explicitly requires more,code/tests/evidence + ledger update + ADR only if architecture decision changed,all mission acceptance tests pass; no invariant violation; CI green,LOCKED
M-081,17,Recovery,Crash-window chaos suite,Recovery: Crash-window chaos suite.,M-080,"GIT,TRU,AGT",MASTER_OF_MASTERS + relevant master(s) + exact contracts + harvest entries + acceptance gates,small: target <= 12k tokens unless mission explicitly requires more,code/tests/evidence + ledger update + ADR only if architecture decision changed,all mission acceptance tests pass; no invariant violation; CI green,LOCKED
M-082,18,MCP / Tools,Implement MCP modern client,"MCP 2026-07-28 client/server, connection-backed tool catalog, tool grants and approval policy.",M-081,"CON,ECO",MASTER_OF_MASTERS + relevant master(s) + exact contracts + harvest entries + acceptance gates,small: target <= 12k tokens unless mission explicitly requires more,code/tests/evidence + ledger update + ADR only if architecture decision changed,all mission acceptance tests pass; no invariant violation; CI green,LOCKED
M-083,18,MCP / Tools,Implement MCP server for VibeFlow tools,MCP / Tools: Implement MCP server for VibeFlow tools.,M-082,"CON,ECO",MASTER_OF_MASTERS + relevant master(s) + exact contracts + harvest entries + acceptance gates,small: target <= 12k tokens unless mission explicitly requires more,code/tests/evidence + ledger update + ADR only if architecture decision changed,all mission acceptance tests pass; no invariant violation; CI green,LOCKED
M-084,18,MCP / Tools,Implement tool catalog/grant binding,MCP / Tools: Implement tool catalog/grant binding.,M-083,"CON,ECO",MASTER_OF_MASTERS + relevant master(s) + exact contracts + harvest entries + acceptance gates,small: target <= 12k tokens unless mission explicitly requires more,code/tests/evidence + ledger update + ADR only if architecture decision changed,all mission acceptance tests pass; no invariant violation; CI green,LOCKED
M-085,18,MCP / Tools,Implement approval-mediated tool calls,MCP / Tools: Implement approval-mediated tool calls.,M-084,"CON,ECO",MASTER_OF_MASTERS + relevant master(s) + exact contracts + harvest entries + acceptance gates,small: target <= 12k tokens unless mission explicitly requires more,code/tests/evidence + ledger update + ADR only if architecture decision changed,all mission acceptance tests pass; no invariant violation; CI green,LOCKED
M-086,18,MCP / Tools,MCP conformance/security suite,MCP / Tools: MCP conformance/security suite.,M-085,"CON,ECO",MASTER_OF_MASTERS + relevant master(s) + exact contracts + harvest entries + acceptance gates,small: target <= 12k tokens unless mission explicitly requires more,code/tests/evidence + ledger update + ADR only if architecture decision changed,all mission acceptance tests pass; no invariant violation; CI green,LOCKED
M-087,19,Data & Storage,Implement DataBinding,"DataBinding, ObjectStorageBinding, environment separation, migration/snapshot evidence.",M-086,DAT,MASTER_OF_MASTERS + relevant master(s) + exact contracts + harvest entries + acceptance gates,small: target <= 12k tokens unless mission explicitly requires more,code/tests/evidence + ledger update + ADR only if architecture decision changed,all mission acceptance tests pass; no invariant violation; CI green,LOCKED
M-088,19,Data & Storage,Implement ObjectStorageBinding,Data & Storage: Implement ObjectStorageBinding.,M-087,DAT,MASTER_OF_MASTERS + relevant master(s) + exact contracts + harvest entries + acceptance gates,small: target <= 12k tokens unless mission explicitly requires more,code/tests/evidence + ledger update + ADR only if architecture decision changed,all mission acceptance tests pass; no invariant violation; CI green,LOCKED
M-089,19,Data & Storage,Implement environment separation,Data & Storage: Implement environment separation.,M-088,DAT,MASTER_OF_MASTERS + relevant master(s) + exact contracts + harvest entries + acceptance gates,small: target <= 12k tokens unless mission explicitly requires more,code/tests/evidence + ledger update + ADR only if architecture decision changed,all mission acceptance tests pass; no invariant violation; CI green,LOCKED
M-090,19,Data & Storage,Implement data/storage UX,Data & Storage: Implement data/storage UX.,M-089,DAT,MASTER_OF_MASTERS + relevant master(s) + exact contracts + harvest entries + acceptance gates,small: target <= 12k tokens unless mission explicitly requires more,code/tests/evidence + ledger update + ADR only if architecture decision changed,all mission acceptance tests pass; no invariant violation; CI green,LOCKED
M-091,19,Data & Storage,Snapshot/migration evidence tests,Data & Storage: Snapshot/migration evidence tests.,M-090,DAT,MASTER_OF_MASTERS + relevant master(s) + exact contracts + harvest entries + acceptance gates,small: target <= 12k tokens unless mission explicitly requires more,code/tests/evidence + ledger update + ADR only if architecture decision changed,all mission acceptance tests pass; no invariant violation; CI green,LOCKED
M-092,20,Deployment & Release,Implement Release model,"Release model, deployment adapters, previews vs prod, domains/access, rollback.",M-091,"DEP,REL",MASTER_OF_MASTERS + relevant master(s) + exact contracts + harvest entries + acceptance gates,small: target <= 12k tokens unless mission explicitly requires more,code/tests/evidence + ledger update + ADR only if architecture decision changed,all mission acceptance tests pass; no invariant violation; CI green,LOCKED
M-093,20,Deployment & Release,Implement deployment provider contract,Deployment & Release: Implement deployment provider contract.,M-092,"DEP,REL",MASTER_OF_MASTERS + relevant master(s) + exact contracts + harvest entries + acceptance gates,small: target <= 12k tokens unless mission explicitly requires more,code/tests/evidence + ledger update + ADR only if architecture decision changed,all mission acceptance tests pass; no invariant violation; CI green,LOCKED
M-094,20,Deployment & Release,Implement first deployment adapter,Deployment & Release: Implement first deployment adapter.,M-093,"DEP,REL",MASTER_OF_MASTERS + relevant master(s) + exact contracts + harvest entries + acceptance gates,small: target <= 12k tokens unless mission explicitly requires more,code/tests/evidence + ledger update + ADR only if architecture decision changed,all mission acceptance tests pass; no invariant violation; CI green,LOCKED
M-095,20,Deployment & Release,Implement domains/access/rollback,Deployment & Release: Implement domains/access/rollback.,M-094,"DEP,REL",MASTER_OF_MASTERS + relevant master(s) + exact contracts + harvest entries + acceptance gates,small: target <= 12k tokens unless mission explicitly requires more,code/tests/evidence + ledger update + ADR only if architecture decision changed,all mission acceptance tests pass; no invariant violation; CI green,LOCKED
M-096,20,Deployment & Release,Release provenance E2E,Deployment & Release: Release provenance E2E.,M-095,"DEP,REL",MASTER_OF_MASTERS + relevant master(s) + exact contracts + harvest entries + acceptance gates,small: target <= 12k tokens unless mission explicitly requires more,code/tests/evidence + ledger update + ADR only if architecture decision changed,all mission acceptance tests pass; no invariant violation; CI green,LOCKED
M-097,21,Observability & Incidents,Instrument OpenTelemetry,"OpenTelemetry, logs/metrics/traces, redaction, health, incident→Task lineage.",M-096,OBS,MASTER_OF_MASTERS + relevant master(s) + exact contracts + harvest entries + acceptance gates,small: target <= 12k tokens unless mission explicitly requires more,code/tests/evidence + ledger update + ADR only if architecture decision changed,all mission acceptance tests pass; no invariant violation; CI green,LOCKED
M-098,21,Observability & Incidents,Implement log/trace redaction,Observability & Incidents: Implement log/trace redaction.,M-097,OBS,MASTER_OF_MASTERS + relevant master(s) + exact contracts + harvest entries + acceptance gates,small: target <= 12k tokens unless mission explicitly requires more,code/tests/evidence + ledger update + ADR only if architecture decision changed,all mission acceptance tests pass; no invariant violation; CI green,LOCKED
M-099,21,Observability & Incidents,Implement health/monitoring UX,Observability & Incidents: Implement health/monitoring UX.,M-098,OBS,MASTER_OF_MASTERS + relevant master(s) + exact contracts + harvest entries + acceptance gates,small: target <= 12k tokens unless mission explicitly requires more,code/tests/evidence + ledger update + ADR only if architecture decision changed,all mission acceptance tests pass; no invariant violation; CI green,LOCKED
M-100,21,Observability & Incidents,Implement incident-to-task loop,Observability & Incidents: Implement incident-to-task loop.,M-099,OBS,MASTER_OF_MASTERS + relevant master(s) + exact contracts + harvest entries + acceptance gates,small: target <= 12k tokens unless mission explicitly requires more,code/tests/evidence + ledger update + ADR only if architecture decision changed,all mission acceptance tests pass; no invariant violation; CI green,LOCKED
M-101,21,Observability & Incidents,Observability SLO tests,Observability & Incidents: Observability SLO tests.,M-100,OBS,MASTER_OF_MASTERS + relevant master(s) + exact contracts + harvest entries + acceptance gates,small: target <= 12k tokens unless mission explicitly requires more,code/tests/evidence + ledger update + ADR only if architecture decision changed,all mission acceptance tests pass; no invariant violation; CI green,LOCKED
M-102,22,Security Product,Implement security center,"Security center, egress/resource policy, dependency/supply-chain scans, audit UX.",M-101,"VER,REL",MASTER_OF_MASTERS + relevant master(s) + exact contracts + harvest entries + acceptance gates,small: target <= 12k tokens unless mission explicitly requires more,code/tests/evidence + ledger update + ADR only if architecture decision changed,all mission acceptance tests pass; no invariant violation; CI green,LOCKED
M-103,22,Security Product,Implement egress/resource policy,Security Product: Implement egress/resource policy.,M-102,"VER,REL",MASTER_OF_MASTERS + relevant master(s) + exact contracts + harvest entries + acceptance gates,small: target <= 12k tokens unless mission explicitly requires more,code/tests/evidence + ledger update + ADR only if architecture decision changed,all mission acceptance tests pass; no invariant violation; CI green,LOCKED
M-104,22,Security Product,Integrate dependency/container/static scans,Security Product: Integrate dependency/container/static scans.,M-103,"VER,REL",MASTER_OF_MASTERS + relevant master(s) + exact contracts + harvest entries + acceptance gates,small: target <= 12k tokens unless mission explicitly requires more,code/tests/evidence + ledger update + ADR only if architecture decision changed,all mission acceptance tests pass; no invariant violation; CI green,LOCKED
M-105,22,Security Product,Implement supply-chain attestations,Security Product: Implement supply-chain attestations.,M-104,"VER,REL",MASTER_OF_MASTERS + relevant master(s) + exact contracts + harvest entries + acceptance gates,small: target <= 12k tokens unless mission explicitly requires more,code/tests/evidence + ledger update + ADR only if architecture decision changed,all mission acceptance tests pass; no invariant violation; CI green,LOCKED
M-106,22,Security Product,Security regression suite,Security Product: Security regression suite.,M-105,"VER,REL",MASTER_OF_MASTERS + relevant master(s) + exact contracts + harvest entries + acceptance gates,small: target <= 12k tokens unless mission explicitly requires more,code/tests/evidence + ledger update + ADR only if architecture decision changed,all mission acceptance tests pass; no invariant violation; CI green,LOCKED
M-107,23,Notifications & Automations,Implement Notification authority,"Push/action-needed notifications, triggers, schedules, long-running automations.",M-106,"AUT,MOB",MASTER_OF_MASTERS + relevant master(s) + exact contracts + harvest entries + acceptance gates,small: target <= 12k tokens unless mission explicitly requires more,code/tests/evidence + ledger update + ADR only if architecture decision changed,all mission acceptance tests pass; no invariant violation; CI green,LOCKED
M-108,23,Notifications & Automations,Implement push delivery adapters,Notifications & Automations: Implement push delivery adapters.,M-107,"AUT,MOB",MASTER_OF_MASTERS + relevant master(s) + exact contracts + harvest entries + acceptance gates,small: target <= 12k tokens unless mission explicitly requires more,code/tests/evidence + ledger update + ADR only if architecture decision changed,all mission acceptance tests pass; no invariant violation; CI green,LOCKED
M-109,23,Notifications & Automations,Implement automations/triggers,Notifications & Automations: Implement automations/triggers.,M-108,"AUT,MOB",MASTER_OF_MASTERS + relevant master(s) + exact contracts + harvest entries + acceptance gates,small: target <= 12k tokens unless mission explicitly requires more,code/tests/evidence + ledger update + ADR only if architecture decision changed,all mission acceptance tests pass; no invariant violation; CI green,LOCKED
M-110,23,Notifications & Automations,Implement long-running automation recovery,Notifications & Automations: Implement long-running automation recovery.,M-109,"AUT,MOB",MASTER_OF_MASTERS + relevant master(s) + exact contracts + harvest entries + acceptance gates,small: target <= 12k tokens unless mission explicitly requires more,code/tests/evidence + ledger update + ADR only if architecture decision changed,all mission acceptance tests pass; no invariant violation; CI green,LOCKED
M-111,23,Notifications & Automations,Action center E2E,Notifications & Automations: Action center E2E.,M-110,"AUT,MOB",MASTER_OF_MASTERS + relevant master(s) + exact contracts + harvest entries + acceptance gates,small: target <= 12k tokens unless mission explicitly requires more,code/tests/evidence + ledger update + ADR only if architecture decision changed,all mission acceptance tests pass; no invariant violation; CI green,LOCKED
M-112,24,Billing & Entitlements,Implement Entitlement model,"VibeFlow subscription, entitlements, provider-attributed usage/budgets, store reconciliation.",M-111,"BIL,SAA",MASTER_OF_MASTERS + relevant master(s) + exact contracts + harvest entries + acceptance gates,small: target <= 12k tokens unless mission explicitly requires more,code/tests/evidence + ledger update + ADR only if architecture decision changed,all mission acceptance tests pass; no invariant violation; CI green,LOCKED
M-113,24,Billing & Entitlements,Implement VibeFlow subscription billing,Billing & Entitlements: Implement VibeFlow subscription billing.,M-112,"BIL,SAA",MASTER_OF_MASTERS + relevant master(s) + exact contracts + harvest entries + acceptance gates,small: target <= 12k tokens unless mission explicitly requires more,code/tests/evidence + ledger update + ADR only if architecture decision changed,all mission acceptance tests pass; no invariant violation; CI green,LOCKED
M-114,24,Billing & Entitlements,Implement provider usage/budgets,Billing & Entitlements: Implement provider usage/budgets.,M-113,"BIL,SAA",MASTER_OF_MASTERS + relevant master(s) + exact contracts + harvest entries + acceptance gates,small: target <= 12k tokens unless mission explicitly requires more,code/tests/evidence + ledger update + ADR only if architecture decision changed,all mission acceptance tests pass; no invariant violation; CI green,LOCKED
M-115,24,Billing & Entitlements,Implement store purchase reconciliation,Billing & Entitlements: Implement store purchase reconciliation.,M-114,"BIL,SAA",MASTER_OF_MASTERS + relevant master(s) + exact contracts + harvest entries + acceptance gates,small: target <= 12k tokens unless mission explicitly requires more,code/tests/evidence + ledger update + ADR only if architecture decision changed,all mission acceptance tests pass; no invariant violation; CI green,LOCKED
M-116,24,Billing & Entitlements,Billing ledger E2E,Billing & Entitlements: Billing ledger E2E.,M-115,"BIL,SAA",MASTER_OF_MASTERS + relevant master(s) + exact contracts + harvest entries + acceptance gates,small: target <= 12k tokens unless mission explicitly requires more,code/tests/evidence + ledger update + ADR only if architecture decision changed,all mission acceptance tests pass; no invariant violation; CI green,LOCKED
M-117,25,Collaboration,Implement project membership/roles,"Members, roles, comments/activity, shared projects, conflict/revision awareness.",M-116,COL,MASTER_OF_MASTERS + relevant master(s) + exact contracts + harvest entries + acceptance gates,small: target <= 12k tokens unless mission explicitly requires more,code/tests/evidence + ledger update + ADR only if architecture decision changed,all mission acceptance tests pass; no invariant violation; CI green,LOCKED
M-118,25,Collaboration,Implement shared activity/comments,Collaboration: Implement shared activity/comments.,M-117,COL,MASTER_OF_MASTERS + relevant master(s) + exact contracts + harvest entries + acceptance gates,small: target <= 12k tokens unless mission explicitly requires more,code/tests/evidence + ledger update + ADR only if architecture decision changed,all mission acceptance tests pass; no invariant violation; CI green,LOCKED
M-119,25,Collaboration,Implement collaboration revision awareness,Collaboration: Implement collaboration revision awareness.,M-118,COL,MASTER_OF_MASTERS + relevant master(s) + exact contracts + harvest entries + acceptance gates,small: target <= 12k tokens unless mission explicitly requires more,code/tests/evidence + ledger update + ADR only if architecture decision changed,all mission acceptance tests pass; no invariant violation; CI green,LOCKED
M-120,25,Collaboration,Collaboration isolation E2E,Collaboration: Collaboration isolation E2E.,M-119,COL,MASTER_OF_MASTERS + relevant master(s) + exact contracts + harvest entries + acceptance gates,small: target <= 12k tokens unless mission explicitly requires more,code/tests/evidence + ledger update + ADR only if architecture decision changed,all mission acceptance tests pass; no invariant violation; CI green,LOCKED
M-121,26,Design / Canvas,Implement artifact graph canvas,"Artifact graph, canvas, visual editor, source/design mapping, imports.",M-120,DSN,MASTER_OF_MASTERS + relevant master(s) + exact contracts + harvest entries + acceptance gates,small: target <= 12k tokens unless mission explicitly requires more,code/tests/evidence + ledger update + ADR only if architecture decision changed,all mission acceptance tests pass; no invariant violation; CI green,LOCKED
M-122,26,Design / Canvas,Implement visual editor mapping,Design / Canvas: Implement visual editor mapping.,M-121,DSN,MASTER_OF_MASTERS + relevant master(s) + exact contracts + harvest entries + acceptance gates,small: target <= 12k tokens unless mission explicitly requires more,code/tests/evidence + ledger update + ADR only if architecture decision changed,all mission acceptance tests pass; no invariant violation; CI green,LOCKED
M-123,26,Design / Canvas,Implement design import/export,Design / Canvas: Implement design import/export.,M-122,DSN,MASTER_OF_MASTERS + relevant master(s) + exact contracts + harvest entries + acceptance gates,small: target <= 12k tokens unless mission explicitly requires more,code/tests/evidence + ledger update + ADR only if architecture decision changed,all mission acceptance tests pass; no invariant violation; CI green,LOCKED
M-124,26,Design / Canvas,Implement design-to-build task flows,Design / Canvas: Implement design-to-build task flows.,M-123,DSN,MASTER_OF_MASTERS + relevant master(s) + exact contracts + harvest entries + acceptance gates,small: target <= 12k tokens unless mission explicitly requires more,code/tests/evidence + ledger update + ADR only if architecture decision changed,all mission acceptance tests pass; no invariant violation; CI green,LOCKED
M-125,27,Native App Development,Implement mobile artifact project type,"Mobile artifact recipes, device builds/tests, EAS/store release evidence.",M-124,NAT,MASTER_OF_MASTERS + relevant master(s) + exact contracts + harvest entries + acceptance gates,small: target <= 12k tokens unless mission explicitly requires more,code/tests/evidence + ledger update + ADR only if architecture decision changed,all mission acceptance tests pass; no invariant violation; CI green,LOCKED
M-126,27,Native App Development,Integrate device/build provider,Native App Development: Integrate device/build provider.,M-125,NAT,MASTER_OF_MASTERS + relevant master(s) + exact contracts + harvest entries + acceptance gates,small: target <= 12k tokens unless mission explicitly requires more,code/tests/evidence + ledger update + ADR only if architecture decision changed,all mission acceptance tests pass; no invariant violation; CI green,LOCKED
M-127,27,Native App Development,Implement guided mobile testing,Native App Development: Implement guided mobile testing.,M-126,NAT,MASTER_OF_MASTERS + relevant master(s) + exact contracts + harvest entries + acceptance gates,small: target <= 12k tokens unless mission explicitly requires more,code/tests/evidence + ledger update + ADR only if architecture decision changed,all mission acceptance tests pass; no invariant violation; CI green,LOCKED
M-128,27,Native App Development,Implement store release evidence,Native App Development: Implement store release evidence.,M-127,NAT,MASTER_OF_MASTERS + relevant master(s) + exact contracts + harvest entries + acceptance gates,small: target <= 12k tokens unless mission explicitly requires more,code/tests/evidence + ledger update + ADR only if architecture decision changed,all mission acceptance tests pass; no invariant violation; CI green,LOCKED
M-129,28,External Ecosystem,Implement public API/auth scopes,"External ACP/MCP/A2A/AG-UI compatibility, public APIs, webhooks, project export/import.",M-128,"ECO,PORT",MASTER_OF_MASTERS + relevant master(s) + exact contracts + harvest entries + acceptance gates,small: target <= 12k tokens unless mission explicitly requires more,code/tests/evidence + ledger update + ADR only if architecture decision changed,all mission acceptance tests pass; no invariant violation; CI green,LOCKED
M-130,28,External Ecosystem,Implement webhooks/CloudEvents,External Ecosystem: Implement webhooks/CloudEvents.,M-129,"ECO,PORT",MASTER_OF_MASTERS + relevant master(s) + exact contracts + harvest entries + acceptance gates,small: target <= 12k tokens unless mission explicitly requires more,code/tests/evidence + ledger update + ADR only if architecture decision changed,all mission acceptance tests pass; no invariant violation; CI green,LOCKED
M-131,28,External Ecosystem,Implement external ACP/MCP clients,External Ecosystem: Implement external ACP/MCP clients.,M-130,"ECO,PORT",MASTER_OF_MASTERS + relevant master(s) + exact contracts + harvest entries + acceptance gates,small: target <= 12k tokens unless mission explicitly requires more,code/tests/evidence + ledger update + ADR only if architecture decision changed,all mission acceptance tests pass; no invariant violation; CI green,LOCKED
M-132,28,External Ecosystem,Implement A2A delegation profile,External Ecosystem: Implement A2A delegation profile.,M-131,"ECO,PORT",MASTER_OF_MASTERS + relevant master(s) + exact contracts + harvest entries + acceptance gates,small: target <= 12k tokens unless mission explicitly requires more,code/tests/evidence + ledger update + ADR only if architecture decision changed,all mission acceptance tests pass; no invariant violation; CI green,LOCKED
M-133,28,External Ecosystem,Implement project export/import,External Ecosystem: Implement project export/import.,M-132,"ECO,PORT",MASTER_OF_MASTERS + relevant master(s) + exact contracts + harvest entries + acceptance gates,small: target <= 12k tokens unless mission explicitly requires more,code/tests/evidence + ledger update + ADR only if architecture decision changed,all mission acceptance tests pass; no invariant violation; CI green,LOCKED
M-134,29,Enterprise,Implement SAML/SCIM,"SAML/SCIM, org policy, SIEM/admin API, enterprise connection controls.",M-133,"COL,IAM",MASTER_OF_MASTERS + relevant master(s) + exact contracts + harvest entries + acceptance gates,small: target <= 12k tokens unless mission explicitly requires more,code/tests/evidence + ledger update + ADR only if architecture decision changed,all mission acceptance tests pass; no invariant violation; CI green,LOCKED
M-135,29,Enterprise,Implement enterprise policy controls,Enterprise: Implement enterprise policy controls.,M-134,"COL,IAM",MASTER_OF_MASTERS + relevant master(s) + exact contracts + harvest entries + acceptance gates,small: target <= 12k tokens unless mission explicitly requires more,code/tests/evidence + ledger update + ADR only if architecture decision changed,all mission acceptance tests pass; no invariant violation; CI green,LOCKED
M-136,29,Enterprise,Implement SIEM/admin API,Enterprise: Implement SIEM/admin API.,M-135,"COL,IAM",MASTER_OF_MASTERS + relevant master(s) + exact contracts + harvest entries + acceptance gates,small: target <= 12k tokens unless mission explicitly requires more,code/tests/evidence + ledger update + ADR only if architecture decision changed,all mission acceptance tests pass; no invariant violation; CI green,LOCKED
M-137,29,Enterprise,Enterprise isolation/compliance tests,Enterprise: Enterprise isolation/compliance tests.,M-136,"COL,IAM",MASTER_OF_MASTERS + relevant master(s) + exact contracts + harvest entries + acceptance gates,small: target <= 12k tokens unless mission explicitly requires more,code/tests/evidence + ledger update + ADR only if architecture decision changed,all mission acceptance tests pass; no invariant violation; CI green,LOCKED
M-138,30,Accessibility / Localization / Growth,Accessibility audit/fixes,"WCAG, localization, feedback, onboarding, discovery surfaces.",M-137,"GRO,EXP,MOB",MASTER_OF_MASTERS + relevant master(s) + exact contracts + harvest entries + acceptance gates,small: target <= 12k tokens unless mission explicitly requires more,code/tests/evidence + ledger update + ADR only if architecture decision changed,all mission acceptance tests pass; no invariant violation; CI green,LOCKED
M-139,30,Accessibility / Localization / Growth,Localization framework,Accessibility / Localization / Growth: Localization framework.,M-138,"GRO,EXP,MOB",MASTER_OF_MASTERS + relevant master(s) + exact contracts + harvest entries + acceptance gates,small: target <= 12k tokens unless mission explicitly requires more,code/tests/evidence + ledger update + ADR only if architecture decision changed,all mission acceptance tests pass; no invariant violation; CI green,LOCKED
M-140,30,Accessibility / Localization / Growth,Onboarding/feedback/discovery,Accessibility / Localization / Growth: Onboarding/feedback/discovery.,M-139,"GRO,EXP,MOB",MASTER_OF_MASTERS + relevant master(s) + exact contracts + harvest entries + acceptance gates,small: target <= 12k tokens unless mission explicitly requires more,code/tests/evidence + ledger update + ADR only if architecture decision changed,all mission acceptance tests pass; no invariant violation; CI green,LOCKED
M-141,30,Accessibility / Localization / Growth,Growth surfaces without authority leaks,Accessibility / Localization / Growth: Growth surfaces without authority leaks.,M-140,"GRO,EXP,MOB",MASTER_OF_MASTERS + relevant master(s) + exact contracts + harvest entries + acceptance gates,small: target <= 12k tokens unless mission explicitly requires more,code/tests/evidence + ledger update + ADR only if architecture decision changed,all mission acceptance tests pass; no invariant violation; CI green,LOCKED
M-142,31,Reliability & Performance,Load/performance budgets,"Load, chaos, DR, backups, migration, provider failover, performance budgets.",M-141,"REL,OBS,TRU",MASTER_OF_MASTERS + relevant master(s) + exact contracts + harvest entries + acceptance gates,small: target <= 12k tokens unless mission explicitly requires more,code/tests/evidence + ledger update + ADR only if architecture decision changed,all mission acceptance tests pass; no invariant violation; CI green,LOCKED
M-143,31,Reliability & Performance,Backup/restore/DR drills,Reliability & Performance: Backup/restore/DR drills.,M-142,"REL,OBS,TRU",MASTER_OF_MASTERS + relevant master(s) + exact contracts + harvest entries + acceptance gates,small: target <= 12k tokens unless mission explicitly requires more,code/tests/evidence + ledger update + ADR only if architecture decision changed,all mission acceptance tests pass; no invariant violation; CI green,LOCKED
M-144,31,Reliability & Performance,Provider failover/migration,Reliability & Performance: Provider failover/migration.,M-143,"REL,OBS,TRU",MASTER_OF_MASTERS + relevant master(s) + exact contracts + harvest entries + acceptance gates,small: target <= 12k tokens unless mission explicitly requires more,code/tests/evidence + ledger update + ADR only if architecture decision changed,all mission acceptance tests pass; no invariant violation; CI green,LOCKED
M-145,31,Reliability & Performance,Schema/protocol upgrade tests,Reliability & Performance: Schema/protocol upgrade tests.,M-144,"REL,OBS,TRU",MASTER_OF_MASTERS + relevant master(s) + exact contracts + harvest entries + acceptance gates,small: target <= 12k tokens unless mission explicitly requires more,code/tests/evidence + ledger update + ADR only if architecture decision changed,all mission acceptance tests pass; no invariant violation; CI green,LOCKED
M-146,31,Reliability & Performance,Chaos and soak testing,Reliability & Performance: Chaos and soak testing.,M-145,"REL,OBS,TRU",MASTER_OF_MASTERS + relevant master(s) + exact contracts + harvest entries + acceptance gates,small: target <= 12k tokens unless mission explicitly requires more,code/tests/evidence + ledger update + ADR only if architecture decision changed,all mission acceptance tests pass; no invariant violation; CI green,LOCKED
M-147,32,Production Hardening & V1 Acceptance,Close V1 capability ledger,"Full capability closure, security audit, provider certification, release gates and launch readiness.",M-146,ALL,MASTER_OF_MASTERS + relevant master(s) + exact contracts + harvest entries + acceptance gates,small: target <= 12k tokens unless mission explicitly requires more,code/tests/evidence + ledger update + ADR only if architecture decision changed,all mission acceptance tests pass; no invariant violation; CI green,LOCKED
M-148,32,Production Hardening & V1 Acceptance,Run full provider certification,Production Hardening & V1 Acceptance: Run full provider certification.,M-147,ALL,MASTER_OF_MASTERS + relevant master(s) + exact contracts + harvest entries + acceptance gates,small: target <= 12k tokens unless mission explicitly requires more,code/tests/evidence + ledger update + ADR only if architecture decision changed,all mission acceptance tests pass; no invariant violation; CI green,LOCKED
M-149,32,Production Hardening & V1 Acceptance,Run independent security/release audit,Production Hardening & V1 Acceptance: Run independent security/release audit.,M-148,ALL,MASTER_OF_MASTERS + relevant master(s) + exact contracts + harvest entries + acceptance gates,small: target <= 12k tokens unless mission explicitly requires more,code/tests/evidence + ledger update + ADR only if architecture decision changed,all mission acceptance tests pass; no invariant violation; CI green,LOCKED
M-150,32,Production Hardening & V1 Acceptance,Run V1 acceptance journeys,Production Hardening & V1 Acceptance: Run V1 acceptance journeys.,M-149,ALL,MASTER_OF_MASTERS + relevant master(s) + exact contracts + harvest entries + acceptance gates,small: target <= 12k tokens unless mission explicitly requires more,code/tests/evidence + ledger update + ADR only if architecture decision changed,all mission acceptance tests pass; no invariant violation; CI green,LOCKED
M-151,32,Production Hardening & V1 Acceptance,Create signed V1 evidence bundle,Production Hardening & V1 Acceptance: Create signed V1 evidence bundle.,M-150,ALL,MASTER_OF_MASTERS + relevant master(s) + exact contracts + harvest entries + acceptance gates,small: target <= 12k tokens unless mission explicitly requires more,code/tests/evidence + ledger update + ADR only if architecture decision changed,all mission acceptance tests pass; no invariant violation; CI green,LOCKED
